1119	14-3-3 beta/zeta (Ab-184/186)	HMR	P63104/P31946	7534/7529
979	14-3-3 beta/zeta (Phospho-Ser184/186)	HMR	P63104/P31946	7534/7529
285	14-3-3 theta/tau (Ab-232)	HM	P27348	10971
891	14-3-3 theta/tau (Phospho-Ser232)	HM	P27348	10971
702	14-3-3 zeta (Ab-58)  	HMR	P63104	7534
838	14-3-3 zeta (Phospho-Ser58)	HMR	P63104	7534
286	14-3-3 zeta/delta (Ab-232)	HM	P63104	7534
892	14-3-3 zeta/delta (Phospho-Thr232)	HM	P63104	7534
61	4E-BP1 (Ab-36) 	HMR	Q13541	1978
62	4E-BP1 (Ab-45) 	HMR	Q13541	1978
758	4E-BP1 (Ab-65)	HMR	Q13541	1978
759	4E-BP1 (Ab-70)	HMR	Q13541	1978
1221	4E-BP1 (Phospho-Ser65)	HMR	Q13541	1978
176	4E-BP1 (Phospho-Thr36) 	HMR	Q13541	1978
177	4E-BP1 (Phospho-Thr45) 	HMR	Q13541	1978
1222	4E-BP1 (Phospho-Thr70)	HMR	Q13541	1978
287	6-phosphofructo-2-kinase/fructose-2,6-biphosphatase 2 (PFKFB2) (Ab-483)	HMR	O60825	5208
893	6-phosphofructo-2-kinase/fructose-2,6-biphosphatase 2 (PFKFB2) (Phospho-Ser483) 	HMR	O60825	5208
760	Abl1 (Ab-204)	HMR	P00519	25
1132	Abl1 (Ab-754/735)	HMR	P00519	25
407	Abl1 (Phospho-Thr754/735)	HMR	P00519	25
1224	Abl1 (Phospho-Tyr204)	HMR	P00519	25
1223	Abl1 (Phospho-Tyr412)	HMR	P00519	25
761	ACC1 (Ab-79)	HMR	Q13085	31
594	ACC1 (Ab-80)	HMR	Q13085	31
1225	ACC1 (Phospho-Ser79)	HMR	Q13085	31
1056	ACC1 (Phospho-Ser80)	HMR	Q13085	31
116	ACK1 (Phospho-Tyr284)	HM	Q07912	10188
288	Actin Pan (a/b/g) (Ab-55/53)	HMR	P68032/P63261/P63267/P68133	58 /70/71/72
894	Actin Pan (a/b/g) (Phospho-Tyr55/53)	HMR	P68032/P63261/P63267/P68133	58 /70/71/72
703	ADD1 (Ab-726)  	HMR	P35611	118
125	ADD1 (Phospho-Ser726)	HMR	P35611	118
1038	AFX/FOXO4 (Ab-197) 	HM	P98177	4303
998	AFX/FOXO4 (Phospho-Ser197) 	HM	P98177	4303
763	AKT1 (Ab-124)	HMR	P31749	207
1286	AKT1 (Ab-246)	HMR	P31749	207
206	AKT1 (Ab-308) 	HMR	P31749	207
442	AKT1 (Ab-326)	HMR	P31749	207
762	AKT1 (Ab-450)	HMR	P31749	207
205	AKT1 (Ab-473) 	HMR	P31749	207
1285	AKT1 (Ab-474)	HMR	P31749	207
1288	AKT1 (Ab-72)	HMR	P31749	207
1227	AKT1 (Phospho-Ser124)	HMR	P31749	207
556	AKT1 (Phospho-Ser246)	HMR	P31749	207
320	AKT1 (Phospho-Ser473) 	HMR	P31749	207
473	AKT1 (Phospho-Thr308) 	HMR	P31749	207
1226	AKT1 (Phospho-Thr450)	HMR	P31749	207
557	AKT1 (Phospho-Thr72)	HMR	P31749	207
1067	AKT1 (Phospho-Tyr326)	HMR	P31749	207
555	AKT1 (Phospho-Tyr474)	HMR	P31749	207
1133	AKT1/2/3 (Ab-315)	HMR	P31749	207
931	AKT1S1 (Ab-246)	HMR	Q96B36	84335
87	AKT1S1 (Phospho-Thr246)	HMR	Q96B36	84335
1033	AKT2 (Ab-474) 	HMR	P31751 	208
989	AKT2 (Phospho-Ser474) 	HMR	P31751 	208
1141	ALK (Ab-1507)	HM	Q9UM73	238
1142	ALK (Ab-1604)	H	Q9UM73	238
117	ALK (Phospho-Tyr1507)	HM	Q9UM73	238
118	ALK (Phospho-Tyr1604)	H	Q9UM73	238
764	AMPK beta1 (Ab-182)	HMR	Q9Y478	5564
1228	AMPK beta1 (Phospho-Ser182)	HMR	Q9Y478	5564
704	AMPK1 (Ab-172)  	HMR	P54646	5562
839	AMPK1 (Phospho-Thr172)	HMR	P54646	5562
422	AMPK1/AMPK2 (Ab-485/491)	HMR	Q13131/P54646	5562/5563
1174	AMPK1/AMPK2 (Phospho-Ser485/491) 	HMR	Q13131/P54646	5562/5563
705	Amyloid beta A4 (Ab-743/668)  	HMR	P05067	351
840	Amyloid beta A4 (Phospho-Thr743/668)	HMR	P05067	351
692	Androgen Receptor (Ab-213) 	H	P10275	367
693	Androgen Receptor (Ab-650) 	H	P10275	367
833	Androgen Receptor (Phospho-Ser213) 	H	P10275	367
986	Androgen Receptor (Phospho-Ser650) 	H	P10275	367
289	A-RAF (Ab-301/302)	HMR	P10398	369
895	A-RAF (Phospho-Tyr301/302)	HMR	P10398	369
932	Arrestin-1 (Ab-412)	H	P49407	408
88	Arrestin-1 (Phospho-Ser412)	H	P49407	408
863	ASK1 (Ab-83) 	H	Q99683	4217
866	ASK1 (Ab-966) 	HM	Q99683	4217
35	ASK1 (Phospho-Ser83) 	H	Q99683	4217
18	ASK1 (Phospho-Ser966) 	HM	Q99683	4217
469	ATF1 (Ab-63)	HM	P18846	466
748	ATF1 (Phospho-Ser63)	HM	P18846	466
51	ATF2 (Ab-112/94) 	HMR	P15336	1386
47	ATF2 (Ab-62/44) 	HMR	P15336	1386
48	ATF2 (Ab-69/51) 	HMR	P15336	1386
49	ATF2 (Ab-71/53) 	HMR	P15336	1386
50	ATF2 (Ab-73/55) 	HMR	P15336	1386
166	ATF2 (Phospho-Ser112/94) 	HMR	P15336	1386
162	ATF2 (Phospho-Ser62/44) 	HMR	P15336	1386
163	ATF2 (Phospho-Thr69/51) 	HMR	P15336	1386
164	ATF2 (Phospho-Thr71/53) 	HMR	P15336	1386
165	ATF2 (Phospho-Thr73/55) 	HMR	P15336	1386
204	ATF4 (Ab-245) 	HR	P18848	468
319	ATF4 (Phospho-Ser245) 	HR	P18848	468
1028	ATM (Ab-1981) 	HM	Q13315	472
801	ATP1A1/Na+K+ ATPase1 (Ab-23)	R	P05023	24211
1086	ATP1A1/Na+K+ ATPase1 (Phospho-Ser23)	R	P05023	24211
471	ATPase (Ab-16)	HMR	P05023	476
751	ATPase (Phospho-Ser16)	HMR	P05023	476
634	ATP-Citrate Lyase (Ab-454)	HMR	P53396	47
919	ATP-Citrate Lyase (Phospho-Ser454)	HMR	P53396	47
290	ATRIP (Ab-68/72)	HMR	Q8WXE1	84126
896	ATRIP (Phospho-Ser68/72)	HMR	Q8WXE1	84126
967	AurA (Ab-288)	HMR	O14965	6790
969	AurA (Ab-342)	HMR	O14965	6790
625	AurA (Phospho-Ser342)	HMR	O14965	6790
1255	AurA (Phospho-Thr288)	HMR	O14965	6790
970	AurB (Ab-12)	HMR	Q96GD4	9212
968	AurB (Ab-232)	HMR	Q96GD4	9212
1253	AurB (Phospho-Thr232)	HMR	Q96GD4	9212
1254	AurB (Phospho-Tyr12)	HMR	Q96GD4	9212
971	AurB/C (Ab-202/175)	HMR	Q96GD4/Q9UQB9	6795
277	AXL (Phospho-Tyr691)	HMR	P30530	558
346	BAD (Ab-112) 	HMR	Q92934	572
444	BAD (Ab-134)	HMR	Q92934	572
347	BAD (Ab-136) 	HMR	Q92934	572
348	BAD (Ab-155) 	HMR	Q92934	572
443	BAD (Ab-91/128)	HMR	Q92934	572
485	BAD (Phospho-Ser112) 	HMR	Q92934	572
1069	BAD (Phospho-Ser134)	HMR	Q92934	572
486	BAD (Phospho-Ser136) 	HMR	Q92934	572
487	BAD (Phospho-Ser155) 	HMR	Q92934	572
1068	BAD (Phospho-Ser91/128)	HMR	Q92934	572
291	BAX (Ab-167)	HM	Q07812	581
212	BAX (Phospho-Thr167)	HMR	Q07812	581
343	BCL-2 (Ab-56) 	H	P10415	596
292	BCL-2 (Ab-69)	HMR	P10415	596
344	BCL-2 (Ab-70) 	H	P10415	596
483	BCL-2 (Phospho-Ser70) 	H	P10415	596
89	BCL-2 (Phospho-Ser87)	HMR	P10415	596
482	BCL-2 (Phospho-Thr56) 	H	P10415	596
897	BCL-2 (Phospho-Thr69)	HMR	P10415	596
1306	BCL-6 (Ab-333)	HMR	P41182	604
293	BCL-XL (Ab-47)	HMR	Q07817	598
484	BCL-XL (Phospho-Ser62) 	HMR	Q07817	598
898	BCL-XL (Phospho-Thr47)	HMR	Q07817	598
1206	BCR (Ab-177) 	HM	P11274	613
1147	BCR (Ab-360)	HMR	P11274	613
24	BCR (Phospho-Tyr177) 	HM	P11274	613
123	BCR (Phospho-Tyr360)	HMR	P11274	613
933	BID (Ab-78)	HMR	P55957	637
90	BID (Phospho-Ser78)	HMR	P55957	637
540	BIM (Ab-69/65) 	HMR	O43521	10018
676	BIM (Phospho-Ser69/65) 	HMR	O43521	10018
1143	BLNK (Ab-96)	HM	Q8WV28	29760
282	BLNK (Phospho-Tyr84)	HM	Q8WV28	29760
119	BLNK (Phospho-Tyr96)	HM	Q8WV28	29760
1134	B-RAF (Ab-446)	HM	P15056	673
294	B-RAF (Ab-598)	HMR	P15056	673
295	B-RAF (Ab-601)	HMR	P15056	673
408	B-RAF (Phospho-Ser446)	HM	P15056	673
900	B-RAF (Phospho-Ser601)	HMR	P15056	673
899	B-RAF (Phospho-Thr598)	HMR	P15056	673
1307	BRCA1 (Ab-1457)	H	P38398	672
869	BRCA1 (Ab-1524) 	HM	P38398	672
327	BRCA1 (Phospho-Ser1423) 	H	P38398	672
583	BRCA1 (Phospho-Ser1457)	H	P38398	672
831	BRCA1 (Phospho-Ser1524) 	HM	P38398	672
124	Breast tumor kinase (Phospho-Tyr447)	HM	Q13882	5753
881	BTK (Ab-223)  	HM	Q06187	695
1020	BTK (Phospho-Tyr223)	HM	Q06187	695
1263	BTK (Phospho-Tyr550)	HM	Q06187	695
1034	c-Abl (Ab-412) 	H	P00519	25
558	c-Abl (Phospho-Tyr245)	HMR	P00519	25
990	c-Abl (Phospho-Tyr412) 	H	P00519	25
445	Calmodulin (Ab-79/81)	HMR	P62158	801/805/808
1070	Calmodulin (Phospho-Thr79/Ser81)	HMR	P62158	801/805/808
795	Calsenilin/KCNIP3 (Ab-63)	HM	Q9Y2W7	30818
111	Calsenilin/KCNIP3 (Phospho-Ser63)	HM	Q9Y2W7	30818
446	CaMK1-alpha (Ab-177)	HMR	Q14012	8536
1071	CaMK1-alpha (Phospho-Thr177)	HMR	Q14012	8536
1051	CaMK2 alpha/beta/delta (Phospho-Thr305)	HMR	Q9UQM7	815
539	CaMK2A (Ab-286) 	HMR	Q9UQM7	815
675	CaMK2A (Phospho-Thr286) 	HMR	Q9UQM7	815
1135	CaMK2-beta/gamma/delta (Ab-287)	HMR	Q13554/Q13555/Q13557	816/818/817
409	CaMK2-beta/gamma/delta (Phospho-Thr287)	HMR	Q13554/Q13555/Q13557	816/818/817
447	CaMK4 (Ab-196/200)	HMR	Q16566	814
1072	CaMK4 (Phospho-Thr196/200)	HMR	Q16566	814
948	Caspase 1 (Ab-376)	HM	P29466	834
245	Caspase 1 (Phospho-Ser376)	HM	P29466	834
949	Caspase 2 (Ab-157)	HM	P42575	835
246	Caspase 2 (Phospho-Ser157)	HM	P42575	835
451	Caspase 3 (Ab-150)	HMR	P42574	836
1076	Caspase 3 (Phospho-Ser150)	HMR	P42574	836
595	Caspase 6 (Ab-257)	HMR	P55212	839
1057	Caspase 6 (Phospho-Ser257)	HMR	P55212	839
428	Caspase 8 (Ab-347)	HMR	Q14790	841
1058	Caspase 8 (Phospho-Ser347)	HMR	Q14790	841
596	Caspase 9 (Ab-125)	HMR	P55211	842
449	Caspase 9 (Ab-144)	H	P55211	842
448	Caspase 9 (Ab-153)	HMR	P55211	842
450	Caspase 9 (Ab-196)	H	P55211	842
1074	Caspase 9 (Phospho-Ser144)	H	P55211	842
1075	Caspase 9 (Phospho-Ser196)	H	P55211	842
1059	Caspase 9 (Phospho-Thr125)	HMR	P55211	842
1073	Caspase 9 (Phospho-Tyr153)	HMR	P55211	842
452	Catalase (Ab-385)	HMR	P04040	847
1077	Catalase (Phospho-Tyr385)	HMR	P04040	847
425	Catenin beta (Ab-33)	HMR	P35222	1499
58	Catenin beta (Ab-37) 	HMR	P35222	1499
691	Catenin beta (Ab-41/45) 	HMR	P35222	1499
1120	Catenin beta (Ab-489)	HMR	P35222	1499
453	Catenin beta (Ab-654)	HMR	P35222	1499
172	Catenin beta (Phospho-Ser33) 	HMR	P35222	1499
173	Catenin beta (Phospho-Ser37) 	HMR	P35222	1499
830	Catenin beta (Phospho-Thr41/Ser45) 	HMR	P35222	1499
398	Catenin beta (Phospho-Tyr489)	HMR	P35222	1499
1078	Catenin beta (Phospho-Tyr654)	HMR	P35222	1499
617	Catenin delta-1 (Ab-228)	HMR	O60716	1500
1245	Catenin delta-1 (Phospho-Tyr228)	HMR	O60716	1500
700	Caveolin-1 (Ab-14) 	HMR	Q03135	857
658	Caveolin-1 (Phospho-Tyr14) 	HMR	Q03135	857
753	CBL (Phospho-Tyr700)	HMR	P22681 	867
752	CBL (Phospho-Tyr774)	HMR	P22681 	867
470	CD19 (Ab-531)	HM	P15391	930
749	CD19 (Phospho-Tyr531)	HM	P15391	930
1094	CD22/BL-CAM (Phospho-Tyr807)	H	P20273	933
606	CD227/mucin 1 (Ab-1243)	HM	P15941	4582
1079	CD227/mucin 1 (Phospho-Tyr1243)	HM	P15941	4582
1080	CD28 (Phospho-Tyr218)	HM	P10747	940
1289	CD32 (FcgammaRIIb) (Ab-292)	H	P31994 	2213
934	CD3Z (Ab-142)	HM	P20963	919
91	CD3Z (Phospho-Tyr142)	HM	P20963	919
607	CD4 (Ab-433)	H	P01730	920
1233	CD4 (Phospho-Ser433)	H	P01730	920
1234	CD45 (Phospho-Ser1007)	HMR	P08575	5788
1149	CD5 (Ab-453)	HM	P06127	921
126	CD5 (Phospho-Tyr453)	HM	P06127	921
608	CDC25A (Ab-124)	HMR	P30304	993
1121	CDC25A (Ab-178)	HMR	P30304	993
1039	CDC25A (Ab-75) 	HMR	P30304	993
1235	CDC25A (Phospho-Ser124)	HMR	P30304	993
999	CDC25A (Phospho-Ser75) 	HMR	P30304	993
429	CDC25B (Ab-323)	HMR	P30305	994
609	CDC25B (Ab-353)	H	P30305	994
1060	CDC25B (Phospho-Ser323)	HMR	P30305	994
1236	CDC25B (Phospho-Ser353)	H	P30305	994
1026	CDC25C (Ab-216) 	H	P30307	995
832	CDC25C (Phospho-Ser216) 	H	P30307	995
559	CDC25C (Phospho-Thr48)	HR	P30307	995
935	CDK1/CDC2 (Ab-14)	HMR	P06493	983
214	CDK1/CDC2 (Ab-15)	HMR	P06493	983
92	CDK1/CDC2 (Phospho-Thr14)	HMR	P06493	983
329	CDK1/CDC2 (Phospho-Tyr15) 	HMR	P06493	983
699	CDK2 (Ab-160) 	HMR	P24941	1017
996	CDK2 (Phospho-Thr160) 	HMR	P24941	1017
1314	CDK5 (Ab-15)	HMR	Q00535	1020
275	CDK5 (Phospho-Tyr15)	HMR	Q00535	1020
610	CDK7 (Ab-170)	HM	P50613	1022
1237	CDK7 (Phospho-Thr170)	HM	P50613	1022
853	Chk1 (Ab-280) 	H	O14757	1111
611	Chk1 (Ab-286)	HMR	O14757	1111
854	Chk1 (Ab-317) 	HMR	O14757	1111
1027	Chk1 (Ab-345) 	HMR	O14757	1111
1001	Chk1 (Phospho-Ser280) 	H	O14757	1111
1238	Chk1 (Phospho-Ser286)	HMR	O14757	1111
560	Chk1 (Phospho-Ser296)	H	O14757	1111
1239	Chk1 (Phospho-Ser301)	HMR	O14757	1111
1002	Chk1 (Phospho-Ser317) 	HMR	O14757	1111
987	Chk1 (Phospho-Ser345) 	HMR	O14757	1111
296	Chk2 (Ab-383)	HMR	O96017	11200
765	Chk2 (Ab-387)	HMR	O96017	11200
857	Chk2 (Ab-516) 	H	O96017	11200
523	Chk2 (Ab-68) 	HM	O96017	11200
1159	Chk2 (Phospho-Ser516) 	H	O96017	11200
901	Chk2 (Phospho-Thr383)	HMR	O96017	11200
1229	Chk2 (Phospho-Thr387)	HMR	O96017	11200
479	Chk2 (Phospho-Thr68) 	HM	O96017	11200
41	c-Jun (Ab-170) 	HMR	P05412	3725
42	c-Jun (Ab-239) 	HMR	P05412	3725
43	c-Jun (Ab-243) 	HMR	P05412	3725
1178	c-Jun (Ab-63) 	HMR	P05412	3725
39	c-Jun (Ab-91) 	HMR	P05412	3725
40	c-Jun (Ab-93) 	HMR	P05412	3725
158	c-Jun (Phospho-Ser243) 	HMR	P05412	3725
1	c-Jun (Phospho-Ser63) 	HMR	P05412	3725
3	c-Jun (Phospho-Ser73) 	HMR	P05412	3725
157	c-Jun (Phospho-Thr239) 	HMR	P05412	3725
154	c-Jun (Phospho-Thr91) 	HMR	P05412	3725
155	c-Jun (Phospho-Thr93) 	HMR	P05412	3725
156	c-Jun (Phospho-Tyr170) 	HMR	P05412	3725
802	CK1-A (Ab-321)	HMR	P48729	1452
1089	CK1-A (Phospho-Thr321)	HMR	P48729	1452
1092	CK1-A/A2 (Phospho-Tyr294)	HMR	P48729/Q8N752	1452/122011
640	CK2-b (Ab-209)	HMR	P67870	1460
924	CK2-b (Phospho-Ser209)	HMR	P67870	1460
1317	Claudin 3 (Ab-219)	H	O15551	1365
418	Claudin 3 (Phospho-Tyr219)	H	O15551	1365
419	Claudin 6 (Phospho-Tyr219)	HM	P56747	9074
1318	Claudin 7 (Ab-210)	HMR	O95471	1366
420	Claudin 7 (Phospho-Tyr210)	HMR	O95471	1366
1241	Coagulation Factor III (Phospho-Ser290)	H	P13726	2152
1040	Cofilin (Ab-3) 	HMR	P23528	1072
1000	Cofilin (Phospho-Ser3) 	HMR	P23528	1072
359	Connexin 43 (Ab-367) 	HMR	P17302	2697
494	Connexin 43 (Phospho-Ser367) 	HMR	P17302	2697
372	Cortactin (Ab-421) 	HM	Q14247	2017
373	Cortactin (Ab-466) 	HM	Q14247	2017
507	Cortactin (Phospho-Tyr421) 	HM	Q14247	2017
508	Cortactin (Phospho-Tyr466) 	HM	Q14247	2017
541	CPI17 alpha (Ab-38) 	HMR	Q96A00	94274
677	CPI17 alpha (Phospho-Thr38) 	HMR	Q96A00	94274
597	c-PLA2 (Ab-505)	HMR	P47712	5321
1061	c-PLA2 (Phospho-Ser505)	HMR	P47712	5321
1122	CREB (Ab-100)	HMR	P16220	1385
936	CREB (Ab-121)	HMR	P16220	1385
374	CREB (Ab-129) 	HMR	P16220	1385
203	CREB (Ab-133) 	HMR	P16220	1385
706	CREB (Ab-142)  	HMR	P16220	1385
226	CREB (Phospho-Ser121)	HMR	P16220	1385
509	CREB (Phospho-Ser129) 	HMR	P16220	1385
318	CREB (Phospho-Ser133) 	HMR	P16220	1385
841	CREB (Phospho-Ser142)	HMR	P16220	1385
399	CREB (Phospho-Thr100)	HMR	P16220	1385
883	CrkII (Ab-221)  	HMR	P46108	1398
1022	CrkII (Phospho-Tyr221)	HMR	P46108	1398
1023	CrkL (Phospho-Tyr207)	HM	P46109	1399
1242	CXCR4 (Phospho-Ser339)	HM	P61073	7852
430	Cyclin B1 (Ab-126)	HM	P14635	891
132	Cyclin B1 (Ab-147)	HM	P14635	891
1214	Cyclin B1 (Phospho-Ser126)	HM	P14635	891
562	Cyclin B1 (Phospho-Ser147)	HM	P14635	891
584	Cyclin C (Phospho-Ser275)	HMR	P24863	892
766	Cyclin D1 (Ab-286)	HMR	P24385	595
613	Cyclin D1 (Ab-90)	HMR	P24385	595
1230	Cyclin D1 (Phospho-Thr286)	HMR	P24385	595
1308	Cyclin D2 (Ab-280)	HMR	P30279	894
767	Cyclin D3 (Ab-283)	HMR	P30281	896
1231	Cyclin D3 (Phospho-Thr283)	HMR	P30281	896
431	Cyclin E1 (Ab-395)	HM	P24864	898
133	Cyclin E1 (Ab-77)	HM	P24864	898
1044	Cyclin E1 (Phospho-Thr395)	HM	P24864	898
563	Cyclin E1 (Phospho-Thr77)	HM	P24864	898
614	Cyclin E2 (Ab-392)	HM	O96020	9134
147	Cyclin E2 (Phospho-Thr392)	HM	O96020	9134
375	DAB1 (Ab-220) 	HMR	O75553	1600
360	DAB1 (Ab-232) 	HMR	O75553	1600
510	DAB1 (Phospho-Tyr220) 	HMR	O75553	1600
495	DAB1 (Phospho-Tyr232) 	HMR	O75553	1600
1151	DAPP1 (Ab-139)	HM	Q9UN19	27071
128	DAPP1 (Phospho-Tyr139)	HM	Q9UN19	27071
376	DARPP-32 (Ab-34) 	HMR	Q9UD71	84152
707	DARPP-32 (Ab-75)  	HMR	Q9UD71	84152
663	DARPP-32 (Phospho-Thr34) 	HMR	Q9UD71	84152
842	DARPP-32 (Phospho-Thr75)	HMR	Q9UD71	84152
1232	DAXX (Phospho-Ser668)	HM	Q9UER7	1616
1152	DDX5/DEAD-box protein 5 (Ab-593)	HM	P17844	1655
129	DDX5/DEAD-box protein 5 (Phospho-Tyr593)	HM	P17844	1655
621	DNA-PK (Ab-2056)	HM	P78527	5591
620	DNA-PK (Ab-2638)	HM	P78527	5591
619	DNA-PK (Ab-2647)	HM	P78527	5591
1248	DNA-PK (Phospho-Thr2638)	HM	P78527	5591
1247	DNA-PK (Phospho-Thr2647)	HM	P78527	5591
377	Dok-1 (Ab-362) 	HM	Q99704	1796
530	Dok-1 (Ab-398) 	HM	Q99704	1796
664	Dok-1 (Phospho-Tyr362) 	HM	Q99704	1796
665	Dok-1 (Phospho-Tyr398) 	HM	Q99704	1796
531	Dok-2 (Ab-299) 	HM	O60496	9046
666	Dok-2 (Phospho-Tyr299) 	HM	O60496	9046
769	DYN1 (Ab-774)	HMR	Q05193	1759
74	DYN1 (Phospho-Ser774)	HMR	Q05193	1759
770	E2F1 (Ab-433)	HM	Q01094	1869
75	E2F1 (Phospho-Thr433)	HM	Q01094	1869
598	EEF2 (Ab-56)	HMR	P13639	1938
1215	EEF2 (Phospho-Thr56)	HMR	P13639	1938
884	eEF2K (Ab-366)  	HMR	O00418	29904
1176	eEF2K (Phospho-Ser366)	HMR	O00418	29904
937	EGFR (Ab-1016)	HMR	P00533	1956
622	EGFR (Ab-1069)	HMR	P00533	1956
357	EGFR (Ab-1070) 	HMR	P00533	1956
358	EGFR (Ab-1092) 	HMR	P00533	1956
365	EGFR (Ab-1110) 	HMR	P00533	1956
59	EGFR (Ab-1172) 	HMR	P00533	1956
67	EGFR (Ab-1197) 	HMR	P00533	1956
708	EGFR (Ab-678)  	HMR	P00533	1956
709	EGFR (Ab-693)  	HMR	P00533	1956
68	EGFR (Ab-869) 	HMR	P00533	1956
1123	EGFR (Ab-998)	HMR	P00533	1956
648	EGFR (Phospho-Ser1070) 	HMR	P00533	1956
843	EGFR (Phospho-Thr678)	HMR	P00533	1956
889	EGFR (Phospho-Thr693)	HMR	P00533	1956
227	EGFR (Phospho-Tyr1016)	HMR	P00533	1956
1249	EGFR (Phospho-Tyr1069)	HMR	P00533	1956
649	EGFR (Phospho-Tyr1092) 	HMR	P00533	1956
500	EGFR (Phospho-Tyr1110) 	HMR	P00533	1956
174	EGFR (Phospho-Tyr1172) 	HMR	P00533	1956
182	EGFR (Phospho-Tyr1197) 	HMR	P00533	1956
183	EGFR (Phospho-Tyr869) 	HMR	P00533	1956
532	eIF2A (Ab-51) 	HMR	P05198	1965
667	eIF2A (Phospho-Ser51) 	HMR	P05198	1965
564	eIF4B (Phospho-Ser422)	HMR	P23588	1975
72	eIF4E (Ab-209) 	HMR	P06730	1977
187	eIF4E (Phospho-Ser209) 	HMR	P06730	1977
134	eIF4G (Ab-1108)	HMR	Q04637	1981
565	eIF4G (Phospho-Ser1108)	HMR	Q04637	1981
1181	Elk1 (Ab-383) 	HMR	P19419	2002
188	Elk1 (Ab-389) 	HMR	P19419	2002
189	Elk1 (Ab-417) 	HMR	P19419	2002
4	Elk1 (Phospho-Ser383) 	HMR	P19419	2002
303	Elk1 (Phospho-Ser389) 	HMR	P19419	2002
304	Elk1 (Phospho-Thr417) 	HMR	P19419	2002
1197	eNOS (Ab-1177) 	HMR	P29474	4846
961	eNOS (Ab-1179)	HMR	P29474	4846
213	eNOS (Ab-495) 	HMR	P29474	4846
960	eNOS (Ab-615)	HMR	P29474	4846
1166	eNOS (Phospho-Ser1177) 	HMR	P29474	4846
256	eNOS (Phospho-Ser615)	HMR	P29474	4846
328	eNOS (Phospho-Thr495) 	HMR	P29474	4846
810	EPB41 (Ab-418/660)	HM	P11171	2035
1097	EPB41 (Phospho-Tyr418/660)	HM	P11171	2035
641	EPHA2/3/4 (Ab-588/596)	HM	P29317/P29320/P54764	1969/2042/2043
925	EPHA2/3/4 (Phospho-Tyr588/596)	HM	P29317/P29320/P54764	1969/2042/2043
642	EPHB1/2 (Ab-594/604)	HMR	P54762/P29323	2047/2048
926	EPHB1/2 (Phospho-Tyr594/604)	HMR	P54762/P29323	2047/2048
643	Ephrin B1 (Ab-317)	HM	P98172	1947
927	Ephrin B1 (Phospho-Tyr317)	HM	P98172	1947
1096	Ephrin B1/B2/B3 (Phospho-Tyr324)	HMR	P98172/P52799/Q15768	1947/1948/1949
463	Ephrin B2 (Ab-330)	HMR	P52799	1948
844	Ephrin B2 (Phospho-Tyr330)	HMR	P52799	1948
796	Epo-R (Ab-368)	HMR	P19235	2057
928	Epo-R (Phospho-Tyr368)	HMR	P19235	2057
623	ERK3 (Ab-189)	HMR	Q16659	5597
1250	ERK3 (Phospho-Ser189)	HMR	Q16659	5597
1251	ERK8 (Phospho-Thr175/Tyr177)	HM	Q8TD08	225689
349	Estrogen Receptor-alpha (Ab-104) 	HMR	P03372	2099
350	Estrogen Receptor-alpha (Ab-106) 	HMR	P03372	2099
351	Estrogen Receptor-alpha (Ab-118) 	HM	P03372	2099
352	Estrogen Receptor-alpha (Ab-167) 	H	P03372	2099
488	Estrogen Receptor-alpha (Phospho-Ser104)	HMR	P03372	2099
489	Estrogen Receptor-alpha (Phospho-Ser106)	HMR	P03372	2099
490	Estrogen Receptor-alpha (Phospho-Ser118)	HM	P03372	2099
491	Estrogen Receptor-alpha (Phospho-Ser167)	H	P03372	2099
1144	ETK (Ab-40)	HM	P51813	660
1148	ETK (Ab-566)	HM	P51813	660
120	ETK (Phospho-Tyr40)	HM	P51813	660
682	Ezrin (Ab-353) 	HMR	P15311	7430
1124	Ezrin (Ab-478)	HMR	P15311	7430
1209	Ezrin (Ab-566) 	HMR	P15311	7430
27	Ezrin (Phospho-Thr566) 	HMR	P15311	7430
481	Ezrin (Phospho-Tyr353) 	HMR	P15311	7430
400	Ezrin (Phospho-Tyr478)	HMR	P15311	7430
1260	FADD (Phospho-Ser194)	H	Q13158	8772
55	FAK (Ab-397) 	HMR	Q05397	5747
938	FAK (Ab-407)	HMR	Q05397	5747
771	FAK (Ab-576)	HMR	Q05397	5747
512	FAK (Ab-861) 	HMR	Q05397	5747
624	FAK (Ab-910)	HMR	Q05397	5747
1029	FAK (Ab-925) 	HMR	Q05397	5747
93	FAK (Phospho-Ser910)	HMR	Q05397	5747
888	FAK (Phospho-Tyr397)	HMR	Q05397	5747
228	FAK (Phospho-Tyr407)	HMR	Q05397	5747
76	FAK (Phospho-Tyr576)	HMR	Q05397	5747
477	FAK (Phospho-Tyr861) 	HMR	Q05397	5747
988	FAK (Phospho-Tyr925) 	HMR	Q05397	5747
777	FAS (Ab-291)	HM	P25445	355
593	FAS (Phospho-Tyr291)	H	P25445	355
1316	FER (Ab-402)	HM	P16591	2241
278	FER (Phospho-Tyr402)	HM	P16591	2241
209	FGFR1 (Ab-154) 	HMR	P11362	2260
472	FGFR1 (Ab-766)	HMR	P11362	2260
324	FGFR1 (Phospho-Tyr154) 	HMR	P11362	2260
755	FGFR1 (Phospho-Tyr654)	HMR	P11362	2260
754	FGFR1 (Phospho-Tyr766)	HMR	P11362	2260
885	Filamin A (Ab-2152)  	HMR	P21333	2316
1177	Filamin A (Phospho-Ser2152)	HMR	P21333	2316
868	FKHR (Ab-256) 	HM	Q12778	2308
1037	FKHR (Ab-319) 	HM	Q12778	2308
829	FKHR (Phospho-Ser256) 	HM	Q12778	2308
997	FKHR (Phospho-Ser319) 	HM	Q12778	2308
940	FKHR/FOXO1A (Ab-329)	HMR	Q12778	2308
230	FKHR/FOXO1A (Phospho-Ser329)	HMR	Q12778	2308
1198	FKHRL1/FOXO3A (Ab-253) 	H	O43524	2309
1167	FKHRL1/FOXO3A (Phospho-Ser253) 	H	O43524	2309
983	FLT3 (Ab-599)	HM	P36888	2322
1180	FLT3 (Phospho-Tyr599)	HM	P36888	2322
279	FLT3 (Phospho-Tyr842)	HM	P36888	2322
280	FLT3 (Phospho-Tyr969)	H	P36888	2322
1304	Fos (Ab-232)	HMR	P01100	2353
454	Fos (Ab-374)	HMR	P01100	2353
77	Fos (Phospho-Ser362)	HMR	P01100	2353
578	Fos (Phospho-Thr232)	HMR	P01100	2353
778	FosB (Ab-27)	HM	P53539	2354
94	FosB (Phospho-Ser27)	HM	P53539	2354
939	FOXO1/3/4-pan (Ab-24/32)	HMR	Q12778/P98177	2308/4303
229	FOXO1/3/4-pan (Phospho-Thr24/32)	HMR	Q12778/P98177	2308/4303
231	FOXO1A/3A (Phospho-Ser322/325)	HMR	Q12778	2308
1095	FRS2 (Phospho-Tyr436)	HM	Q8WU20	10818
750	Fyn (Phospho-Tyr530)	HM	P06241	2534
690	G3BP-1 (Ab-232) 	HM	Q13283	10146
650	G3BP-1 (Phospho-Ser232) 	HM	Q13283	10146
543	Gab1 (Ab-627) 	HM	Q13480	2549
297	Gab1 (Ab-659)	HMR	Q13480	2549
679	Gab1 (Phospho-Tyr627) 	HM	Q13480	2549
902	Gab1 (Phospho-Tyr659)	HMR	Q13480	2549
1305	Gab2 (Ab-159)	HMR	Q9UQC2	9846
455	Gab2 (Ab-623)	HMR	Q9UQC2	9846
580	Gab2 (Phospho-Ser159)	HMR	Q9UQC2	9846
585	Gab2 (Phospho-Tyr643)	HMR	Q9UQC2	9846
710	GABA-RB (Ab-434)  	HMR	P18505	2560
845	GABA-RB (Phospho-Ser434)	HMR	P18505	2560
534	GAP43 (Ab-41) 	HMR	P17677	2596
669	GAP43 (Phospho-Ser41) 	HMR	P17677	2596
192	GATA1 (Ab-142) 	HMR	P15976	2623
193	GATA1 (Ab-310) 	HMR	P15976	2623
307	GATA1 (Phospho-Ser142) 	HMR	P15976	2623
308	GATA1 (Phospho-Ser310) 	HMR	P15976	2623
362	GluR1 (Ab-849) 	HMR	P42261	2890
363	GluR1 (Ab-863) 	H	P42261	2890
497	GluR1 (Phospho-Ser849) 	HMR	P42261	2890
498	GluR1 (Phospho-Ser863) 	H	P42261	2890
544	GluR2 (Ab-880)	HMR	P42262	2891
680	GluR2 (Phospho-Ser880) 	HMR	P42262	2891
950	GRB10/Growth factor receptor-bound protein 10 (Ab-67)	HM	Q13322	2887
247	GRB10/Growth factor receptor-bound protein 10 (Phospho-Tyr67)	H	Q13322	2887
78	GRF-1 (Phospho-Tyr1105)	HMR	Q9NRY4	2909
779	GRK1 (Ab-21)	HMR	Q15835	6011
95	GRK1 (Phospho-Ser21)	HMR	Q15835	6011
941	GRK2 (Ab-29)	HMR	P25098	156
232	GRK2 (Phospho-Ser29)	HMR	P25098	156
582	GRK2 (Phospho-Ser685)	HMR	P25098	156
1184	GSK3 alpha (Ab-21) 	HMR	P49840	2931
7	GSK3 alpha (Phospho-Ser21) 	HMR	P49840	2931
427	GSK3 alpha/beta (Ab-216/279)	HMR	P49840/P49841	2931/2932
890	GSK3 alpha/beta (Phospho-Tyr216/279)	HMR	P49840/P49841	2931/2932
1179	GSK3 beta (Ab-9) 	HMR	P49841	2932
2	GSK3 beta (Phospho-Ser9) 	HMR	P49841	2932
951	GTPase activating protein (Ab-387)	HM	Q9H0H5	29127
248	GTPase activating protein (Phospho-Ser387)	HM	Q9H0H5	29127
130	HCK (Phospho-Tyr410)	HMR	P08631	3055
298	HDAC1 (Ab-421)	HM	Q13547	3065
903	HDAC1 (Phospho-Ser421)	HM	Q13547	3065
1036	HDAC2 (Ab-394) 	HM	Q92769	3066
887	HDAC2 (Phospho-Ser394)	HM	Q92769	3066
780	HDAC3 (Ab-424)	HM	O15379	8841
96	HDAC3 (Phospho-Ser424)	HM	O15379	8841
870	HDAC4 (Ab-632) 	HMR	P56524	9759
19	HDAC4 (Phospho-Ser632) 	HMR	P56524	9759
772	HDAC5 (Ab-259)	HM	Q9UQL6	10014
871	HDAC5 (Ab-498) 	HM	Q9UQL6	10014
79	HDAC5 (Phospho-Ser259)	HM	Q9UQL6	10014
20	HDAC5 (Phospho-Ser498) 	HM	Q9UQL6	10014
781	HDAC6 (Ab-22)	HM	Q9UBN7	10013
97	HDAC6 (Phospho-Ser22)	HM	Q9UBN7	10013
1024	HDAC8 (Ab-39) 	HM	Q9BY41	55869
21	HDAC8 (Phospho-Ser39) 	HM	Q9BY41	55869
1125	HER2 (Ab-1112)	HMR	P04626	2064
355	HER2 (Ab-1221/1222) 	HMR	P04626	2064
356	HER2 (Ab-1248) 	HMR	P04626	2064
782	HER2 (Ab-686)	HMR	P04626	2064
354	HER2 (Ab-877) 	HMR	P04626	2064
587	HER2 (Phospho-Thr686)	HMR	P04626	2064
646	HER2 (Phospho-Tyr1221/Tyr1222) 	HMR	P04626	2064
647	HER2 (Phospho-Tyr1248) 	HMR	P04626	2064
645	HER2 (Phospho-Tyr877) 	HMR	P04626	2064
783	HER3/ErbB3 (Ab-1222)	HMR	P21860	2065
784	HER3/ErbB3 (Ab-1289)	HMR	P21860	2065
98	HER3/ErbB3 (Phospho-Tyr1222)	HMR	P21860	2065
99	HER3/ErbB3 (Phospho-Tyr1289)	HMR	P21860	2065
785	HER4/ErbB4 (Ab-1284)	HMR	Q15303	2066
100	HER4/ErbB4 (Phospho-Tyr1284)	HMR	Q15303	2066
369	Histone H2A.X (Ab-139) 	HM	P16104	3014
504	Histone H2A.X (Phospho-Ser139) 	HM	P16104	3014
867	Histone H3.1 (Ab-10) 	HM	P68431 / Q71DI3 / P84243	8350 / 8351 / 8352 / 8353 / 8354 / 8355/ 8356 / 8357 / 8358 / 8968
34	Histone H3.1 (Phospho-Ser10) 	HM	P68431 / Q71DI3 / P84243	8350 / 8351 / 8352 / 8353 / 8354 / 8355/ 8356 / 8357 / 8358 / 8968
194	HNF4 alpha (Ab-313) 	HMR	P41235	3172
309	HNF4 alpha (Phospho-Ser313) 	HMR	P41235	3172
1156	HRS (Ab-334)	HM	O14964	9146
267	HRS (Phospho-Tyr334)	HM	O14964	9146
364	HSF1 (Ab-303) 	HM	Q00613	3297
499	HSF1 (Phospho-Ser303) 	HM	Q00613	3297
773	HSL (Ab-552/563)	HMR	Q05469	3991
599	HSL (Ab-554)	HMR	Q05469	3991
80	HSL (Phospho-Ser552/563)	HMR	Q05469	3991
1216	HSL (Phospho-Ser554)	HMR	Q05469	3991
1025	HSP27 (Ab-15) 	H	P04792	3315
217	HSP27 (Ab-78) 	HMR	P04792	3315
218	HSP27 (Ab-82) 	HMR	P04792	3315
22	HSP27 (Phospho-Ser15) 	H	P04792	3315
332	HSP27 (Phospho-Ser78) 	HMR	P04792	3315
333	HSP27 (Phospho-Ser82) 	HMR	P04792	3315
952	HSP90 co-chaperone Cdc37 (Ab-13)	HM	Q16543	11140
249	HSP90 co-chaperone Cdc37 (Phospho-Ser13)	HM	Q16543	11140
803	HSP90B (Ab-226)	HMR	P08238	3326
711	HSP90B (Ab-254)  	HMR	P08238	3326
1090	HSP90B (Phospho-Ser226)	HMR	P08238	3326
846	HSP90B (Phospho-Ser254)	HMR	P08238	3326
694	ICAM-1 (Ab-512) 	H	P05362	3383
651	ICAM-1 (Phospho-Tyr512) 	H	P05362	3383
281	ICK (Phospho-Tyr159)	HMR	Q9UPZ9	22858
516	IGF1R (Ab-1161) 	HMR	P08069	3480
517	IGF1R (Ab-1165/1166) 	HMR	P08069	3480
655	IGF1R (Phospho-Tyr1161) 	HMR	P08069	3480
656	IGF1R (Phospho-Tyr1165/1166) 	HMR	P08069	3480
953	IGF2R (Ab-2409)	HM	P11717	3482
259	IGF2R (Phospho-Ser2409)	HM	P11717	3482
954	IGFBP-3 (Ab-183)	HM	P17936	3486
862	IkB-alpha (Ab-32/36) 	HMR	P25963	4792
1203	IkB-alpha (Ab-42) 	HMR	P25963	4792
1164	IkB-alpha (Phospho-Ser32/36) 	HMR	P25963	4792
250	IkB-alpha (Phospho-Tyr305)	HMR	P25963	4792
1172	IkB-alpha (Phospho-Tyr42) 	HMR	P25963	4792
774	IkB-beta (Ab-19)	H	Q15653	4793
847	IkB-beta (Phospho-Ser23)	H	Q15653	4793
81	IkB-beta (Phospho-Thr19)	H	Q15653	4793
712	IkB-epsilon (Ab-22)  	HMR	O00221	4794
848	IkB-epsilon (Phospho-Ser22)	HMR	O00221	4794
1035	IKK-alpha (Ab-23) 	HMR	O15111	1147
992	IKK-alpha (Phospho-Thr23) 	HMR	O15111	1147
776	IKK-alpha/beta (Ab-176/177)	HM	O15111/O14920	1147/3551
775	IKK-alpha/beta (Ab-180/181)	HM	O15111/O14920	1147/3551
82	IKK-alpha/beta (Phospho-Ser180/181)	HM	O15111/O14920	1147/3551
929	IKK-beta (Ab-188)	HMR	O14920	3551
942	IKK-beta (Ab-199)	HMR	O14920	3551
83	IKK-beta (Phospho-Tyr188)	HMR	O14920	3551
233	IKK-beta (Phospho-Tyr199)	HMR	O14920	3551
930	IKK-gamma (Ab-31)	HM	Q9Y6K9	8517
962	IKK-gamma (Ab-85)	HM	Q9Y6K9	8517
84	IKK-gamma (Phospho-Ser31)	HM	Q9Y6K9	8517
257	IKK-gamma (Phospho-Ser85)	HM	Q9Y6K9	8517
1309	IL-10R-alpha (Ab-496)	HM	Q13651	3587
268	IL-10R-alpha (Phospho-Tyr496)	HM	Q13651	3587
1310	IL-13R/CD213a1 (Ab-405)	HM	P78552	3597
269	IL-13R/CD213a1 (Phospho-Tyr405)	HM	P78552	3597
798	IL-2RA/CD25 (Ab-268)	HM	P01589	3559
1082	IL-2RA/CD25 (Phospho-Ser268)	HM	P01589	3559
982	IL3RB (Ab-593)	HM	P32927	1439
1264	IL3RB (Phospho-Tyr593)	HM	P32927	1439
1311	IL-4R/CD124 (Ab-497)	HM	P24394	3566
270	IL-4R/CD124 (Phospho-Tyr497)	HM	P24394	3566
271	IL7R/CD127 (Phospho-Tyr449)	HM	P16871	3575
972	Integrin beta-1 (Ab-788)	HMR	P05556	3688
973	Integrin beta-1 (Ab-789)	HMR	P05556	3688
1256	Integrin beta-1 (Phospho-Thr788)	HMR	P05556	3688
518	Integrin beta-3 (Ab-773) 	HM	P05106	3690
535	Integrin beta-3 (Ab-785) 	HM	P05106	3690
478	Integrin beta-3 (Phospho-Tyr773) 	HM	P05106	3690
670	Integrin beta-3 (Phospho-Tyr785) 	HM	P05106	3690
1312	Integrin beta-4 (Ab-1510)	HMR	P16144	3691
272	Integrin beta-4 (Phospho-Tyr1510)	HMR	P16144	3691
797	Interferon-alpha/beta receptor alpha chain (Ab-466)	HM	P17181	3454
768	Interferon-alpha/beta receptor alpha chain (Phospho-Tyr466)	H	P17181	3454
975	Interferon-gamma receptor alpha chain precursor (Ab-457)	HM	P15260	3459
1081	Interferon-gamma receptor alpha chain precursor (Phospho-Tyr457)	HM	P15260	3459
984	IR (Ab-1361)	HMR	P06213	3643
1265	IR (Phospho-Tyr1355)	HMR	P06213	3643
1266	IR (Phospho-Tyr1361)	HMR	P06213	3643
207	IRS-1 (Ab-307) 	HMR	P35568	3667
1042	IRS-1 (Ab-312) 	HMR	P35568	3667
943	IRS-1 (Ab-323)	HMR	P35568	3667
69	IRS-1 (Ab-636) 	HMR	P35568	3667
70	IRS-1 (Ab-639) 	HMR	P35568	3667
135	IRS-1 (Ab-794)	HMR	P35568	3667
85	IRS-1 (Phospho-Ser1101)	HMR	P35568	3667
322	IRS-1 (Phospho-Ser307) 	HMR	P35568	3667
1004	IRS-1 (Phospho-Ser312) 	HMR	P35568	3667
234	IRS-1 (Phospho-Ser323)	HMR	P35568	3667
86	IRS-1 (Phospho-Ser612)	HMR	P35568	3667
184	IRS-1 (Phospho-Ser636) 	HMR	P35568	3667
185	IRS-1 (Phospho-Ser639) 	HMR	P35568	3667
566	IRS-1 (Phospho-Ser794)	HMR	P35568	3667
859	JAK1 (Ab-1022) 	HMR	P23458	3716
1161	JAK1 (Phospho-Tyr1022) 	HMR	P23458	3716
861	JAK2 (Ab-1007) 	HMR	O60674	3717
860	JAK2 (Ab-221) 	HMR	O60674	3717
1163	JAK2 (Phospho-Tyr1007) 	HMR	O60674	3717
1162	JAK2 (Phospho-Tyr221) 	HMR	O60674	3717
944	JNK1/2/3 (Ab-183/185)	HMR	P45983/P45984/P53779	5599 / 5601 / 5602
235	JNK1/2/3 (Phospho-Thr183/Tyr185)	HMR	P45983/P45984/P53779	5599 / 5601 / 5602
45	JunB (Ab-259) 	HM	P17275	3726
44	JunB (Ab-79) 	HMR	P17275	3726
160	JunB (Phospho-Ser259) 	HM	P17275	3726
159	JunB (Phospho-Ser79) 	HMR	P17275	3726
46	JunD (Ab-255) 	HMR	P17535	3726
161	JunD (Phospho-Ser255) 	HMR	P17535	3726
713	Keratin 18 (Ab-33)  	H	P05783	3875
615	Keratin 18 (Ab-52)	H	P05783	3875
849	Keratin 18 (Phospho-Ser33)	H	P05783	3875
1243	Keratin 18 (Phospho-Ser52)	H	P05783	3875
616	Keratin 8 (Ab-431)	HMR	P05787	3856
714	Keratin 8 (Ab-73)  	HM	P05787	3875
1244	Keratin 8 (Phospho-Ser431)	HMR	P05787	3856
850	Keratin 8 (Phospho-Ser73)	HM	P05787	3875
210	KIT (Ab-721) 	HM	P10721	3815
985	KIT (Ab-936)	HM	P10721	3815
1268	KIT (Phospho-Tyr703)	HM	P10721	3815
325	KIT (Phospho-Tyr721) 	HM	P10721	3815
1267	KIT (Phospho-Tyr936)	HM	P10721	3815
432	KSR (Ab-392)	HM	Q8IVT5	8844
1045	KSR (Phospho-Ser392)	HM	Q8IVT5	8844
1313	Kv1.3/KCNA3 (Ab-135)	HM	P22001	3738
273	Kv1.3/KCNA3 (Phospho-Tyr135)	HM	P22001	3738
274	Kv2.1/Kcnb1 (Phospho-Tyr128)	HMR	Q14721	3745
814	Lamin A (Ab-22)	HMR	P02545	4000
1252	Lamin A (Phospho-Ser22)	HMR	P02545	4000
626	Lamin A/C (Ab-392)	HMR	P02545	4000
756	Lamin A/C (Phospho-Ser392)	HMR	P02545	4000
1301	LAT (Ab-161)	H	O43561 	27040
136	LAT (Ab-171)	HM	O43561 	27040
945	LAT (Ab-191)	HMR	O43561 	27040
567	LAT (Phospho-Tyr171)	HM	O43561 	27040
236	LAT (Phospho-Tyr191)	HMR	O43561 	27040
947	LCK (Ab-192)	HM	P06239	3932
1195	LCK (Ab-393) 	HMR	P06239	3932
946	LCK (Ab-504)	HM	P06239	3932
1303	LCK (Ab-59)	HMR	P06239	3932
577	LCK (Phospho-Ser59)	HMR	P06239	3932
238	LCK (Phospho-Tyr192)	HM	P06239	3932
1157	LCK (Phospho-Tyr393) 	HMR	P06239	3932
237	LCK (Phospho-Tyr504)	HM	P06239	3932
864	LIMK1 (Ab-508) 	HMR	P53667	3984
991	LIMK1 (Phospho-Thr508) 	HMR	P53667	3984
880	LIMK1/2 (Ab-508/505)  	HMR	P53667	3984
138	LKB1 (Ab-189)	HM	Q15831	6794
1136	LKB1 (Ab-334)	HM	Q15831	6794
137	LKB1 (Ab-428)	HM	Q15831	6794
720	LKB1 (Phospho-Ser428)	HM	Q15831	6794
721	LKB1 (Phospho-Thr189)	HM	Q15831	6794
467	LYN (Ab-507)	HMR	P07948	4067
744	LYN (Phospho-Tyr507)	HMR	P07948	4067
410	MAP3K1/MEKK1 (Phospho-Thr1381)	HMR	Q13233	4214
957	MAP3K7/TAK1 (Ab-184)	HMR	O43318	6885
805	MAP3K7/TAK1 (Ab-187)	HMR	O43318	6885
806	MAP3K7/TAK1 (Ab-439)	HMR	O43318	6885
255	MAP3K7/TAK1 (Phospho-Thr184)	HMR	O43318	6885
882	MAP3K8/COT (Ab-290)  	HMR	P41279	1326
807	MAP3K8/COT (Ab-400)	HMR	P41279	1326
1021	MAP3K8/COT (Phospho-Thr290)	HMR	P41279	1326
456	MAPKAPK2 (Ab-272)	HMR	P49137	9261
586	MAPKAPK2 (Phospho-Ser272)	HMR	P49137	9261
722	MAPKAPK2 (Phospho-Thr222)	HMR	P49137	9261
1052	MAPKAPK2 (Phospho-Thr334)	HMR	P49137	9261
545	MARCKS (Ab-158)	HMR	P29966	4082
366	MARCKS (Ab-163) 	H	P29966	4082
681	MARCKS (Phospho-Ser158) 	HMR	P29966	4082
501	MARCKS (Phospho-Ser163) 	H	P29966	4082
1150	M-CSF Receptor (Ab-561)	HM	P07333	1436
1138	M-CSF Receptor (Ab-809)	HMR	P07333	1436
127	M-CSF Receptor (Phospho-Tyr561)	HM	P07333	1436
1269	M-CSF Receptor (Phospho-Tyr809)	HMR	P07333	1436
1100	MDM2 (Ab-166)	HM	Q00987	4193
239	MDM2 (Phospho-Ser166)	HM	Q00987	4193
739	MDM4 (Phospho-Ser367)	HMR	O15151	4194
190	MEF2A (Ab-312) 	HM	Q02078	4205
191	MEF2A (Ab-319) 	HM	Q02078	4205
715	MEF2A (Ab-408)  	HMR	Q02078	4205
851	MEF2A (Phospho-Ser408)	HMR	Q02078	4205
305	MEF2A (Phospho-Thr312) 	HM	Q02078	4205
306	MEF2A (Phospho-Thr319) 	HM	Q02078	4205
457	MEF2C (Ab-396)	HM	Q06413	4208
740	MEF2C (Phospho-Ser396)	HM	Q06413	4208
240	MEF2D (Phospho-Ser444)	HMR	Q14814	4209
1212	MEK1 (Ab-217)	HMR	Q02750	5604
1202	MEK1 (Ab-221) 	HMR	Q02750	5604
140	MEK1 (Ab-286)	HMR	Q02750	5604
546	MEK1 (Ab-291) 	HMR	Q02750	5604
139	MEK1 (Ab-298)	HMR	Q02750	5604
30	MEK1 (Phospho-Ser217) 	HMR	Q02750	5604
1171	MEK1 (Phospho-Ser221) 	HMR	Q02750	5604
723	MEK1 (Phospho-Ser298)	HMR	Q02750	5604
724	MEK1 (Phospho-Thr286)	HMR	Q02750	5604
834	MEK1 (Phospho-Thr291) 	HMR	Q02750	5604
1185	MEK2 (Ab-394) 	HMR	P36507	5605
8	MEK2 (Phospho-Thr394) 	HMR	P36507	5605
1093	MER/SKY (Phospho-Tyr749/Tyr681)	HMR	Q12866/Q06418	10461/7301
804	Merlin (Ab-10)	HMR	P35240	4771
367	Merlin (Ab-518) 	HMR	P35240	4771
1091	Merlin (Phospho-Ser10)	HMR	P35240	4771
502	Merlin (Phospho-Ser518) 	HMR	P35240	4771
612	Met (Ab-1003)	HMR	P08581	4233
66	Met (Ab-1234) 	H	P08581	4233
208	Met (Ab-1349) 	HMR	P08581	4233
1240	Met (Phospho-Tyr1003)	HMR	P08581	4233
181	Met (Phospho-Tyr1234) 	H	P08581	4233
323	Met (Phospho-Tyr1349) 	HMR	P08581	4233
1270	Met (Phospho-Tyr1356)	HMR	P08581	4233
627	MITF (Ab-73)	HM	O75030	4286
757	MITF (Phospho-Ser73)	HM	O75030	4286
856	MKK3/MAP2K3 (Ab-189) 	HM	P46734	5606
1137	MKK3/MAP2K3 (Ab-222)	HMR	P46734	5606
1158	MKK3/MAP2K3 (Phospho-Ser189)	HM	P46734	5606
411	MKK3/MAP2K3 (Phospho-Thr222)	HMR	P46734	5606
800	MKK4/SEK1 (Ab-257)	HMR	P45985	6416
865	MKK4/SEK1 (Ab-261) 	HMR	P45985	6416
462	MKK4/SEK1 (Ab-80)	HM	P45985	6416
1085	MKK4/SEK1 (Phospho-Ser257)	HMR	P45985	6416
17	MKK4/SEK1 (Phospho-Ser80) 	HM	P45985	6416
1175	MKK4/SEK1 (Phospho-Thr261) 	HMR	P45985	6416
423	MKK6/MAP2K6 (Ab-207)	HM	P52564	5608
886	MKK6/MAP2K6 (Phospho-Ser207)	HM	P52564	5608
1290	MKK7/MAP2K7 (Ab-271)	HMR	O14733	5609
412	MKK7/MAP2K7 (Phospho-Ser271)	HMR	O14733	5609
413	MKK7/MAP2K7 (Phospho-Thr275)	HMR	O14733	5609
955	MKP-1 (Ab-359)	HM	P28562	1843
251	MKP-1 (Phospho-Ser359)	HM	P28562	1843
458	MKP-1/2 (Ab-296/318)	HMR	P28562/Q13115	1843/1846
741	MKP-1/2 (Phospho-Ser296/318)	HMR	P28562/Q13115	1843/1846
811	Mnk1 (Ab-385)	HMR	Q9BUB5	8569
1098	Mnk1 (Phospho-Thr385)	HMR	Q9BUB5	8569
141	MSK1 (Ab-360)	HM	O75582	9252
1207	MSK1 (Ab-376) 	HM	O75582	9252
142	MSK1 (Ab-581)	HM	O75582	9252
414	MSK1 (Phospho-Ser212)	HM	O75582	9252
725	MSK1 (Phospho-Ser360)	HM	O75582	9252
25	MSK1 (Phospho-Ser376) 	HM	O75582	9252
726	MSK1 (Phospho-Thr581)	HM	O75582	9252
415	MSK2 (Phospho-Thr568)	HM	O75676	8986
635	Mst1/Mst2 (Ab-183)	HM	Q13043	6789
920	Mst1/Mst2 (Phospho-Thr183)	HM	Q13043	6789
963	mTOR (Ab-2446)	HMR	P42345	2475
60	mTOR (Ab-2448) 	HMR	P42345	2475
143	mTOR (Ab-2481)	HMR	P42345	2475
175	mTOR (Phospho-Ser2448) 	HMR	P42345	2475
727	mTOR (Phospho-Ser2481)	HMR	P42345	2475
258	mTOR (Phospho-Thr2446)	HMR	P42345	2475
53	Myc (Ab-358)	HMR	P01106	4609
54	Myc (Ab-373) 	HMR	P01106	4609
52	Myc (Ab-58) 	HMR	P01106	4609
716	Myc (Ab-62)  	HMR	P01106	4609
302	Myc (Phospho-Ser373) 	HMR	P01106	4609
852	Myc (Phospho-Ser62)	HMR	P01106	4609
168	Myc (Phospho-Thr358) 	HMR	P01106	4609
167	Myc (Phospho-Thr58) 	HMR	P01106	4609
636	Myosin regulatory light chain 2 (Ab-18)	HMR	P24844/O14950	10398
921	Myosin regulatory light chain 2 (Phospho-Ser18)	HMR	P24844/O14950	10398
910	MYPT1 (Phospho-Thr696)	HMR	O14974	4659
911	MYPT1 (Phospho-Thr853)	HMR	O14974	4659
808	MYT1 (Ab-83)	H	Q99640	9088
459	NFAT3 (Ab-168/170)	HM	Q14934	4776
1101	NFAT3 (Ab-676)	HM	Q14934	4776
1102	NFAT4 (Ab-165)	HM	Q12968	4775
241	NFAT4 (Phospho-Ser165)	HM	Q12968	4775
1192	NFkB-p100/p52 (Ab-865) 	HM	Q00653	4791
1193	NFkB-p100/p52 (Ab-869) 	HM	Q00653	4791
15	NFkB-p100/p52 (Phospho-Ser865) 	HM	Q00653	4791
16	NFkB-p100/p52 (Phospho-Ser869) 	HM	Q00653	4791
252	NFkB-p100/p52 (Phospho-Ser872)	HM	Q00653	4791
1194	NFkB-p105/p50 (Ab-337) 	HM	P19838	4790
36	NFkB-p105/p50 (Ab-893) 	HM	P19838	4790
37	NFkB-p105/p50 (Ab-907) 	H	P19838	4790
588	NFkB-p105/p50 (Ab-927)	HM	P19838	4790
221	NFkB-p105/p50 (Ab-932) 	HMR	P19838	4790
150	NFkB-p105/p50 (Phospho-Ser337) 	HM	P19838	4790
151	NFkB-p105/p50 (Phospho-Ser893) 	HM	P19838	4790
152	NFkB-p105/p50 (Phospho-Ser907) 	H	P19838	4790
1053	NFkB-p105/p50 (Phospho-Ser927)	HM	P19838	4790
336	NFkB-p105/p50 (Phospho-Ser932) 	HMR	P19838	4790
1187	NFkB-p65 (Ab-254) 	HM	Q04206	5970
1188	NFkB-p65 (Ab-276) 	HM	Q04206	5970
1126	NFkB-p65 (Ab-281)	HMR	Q04206	5970
361	NFkB-p65 (Ab-311) 	HM	Q04206	5970
1189	NFkB-p65 (Ab-435) 	HM	Q04206	5970
1190	NFkB-p65 (Ab-468) 	HM	Q04206	5970
1103	NFkB-p65 (Ab-505)	HMR	Q04206	5970
57	NFkB-p65 (Ab-529) 	HM	Q04206	5970
1191	NFkB-p65 (Ab-536) 	HM	Q04206	5970
11	NFkB-p65 (Phospho-Ser276) 	HM	Q04206	5970
496	NFkB-p65 (Phospho-Ser311) 	HM	Q04206	5970
13	NFkB-p65 (Phospho-Ser468) 	HM	Q04206	5970
171	NFkB-p65 (Phospho-Ser529) 	HM	Q04206	5970
14	NFkB-p65 (Phospho-Ser536) 	HM	Q04206	5970
10	NFkB-p65 (Phospho-Thr254) 	HM	Q04206	5970
12	NFkB-p65 (Phospho-Thr435) 	HM	Q04206	5970
345	NFkB-p65 (Phospho-Thr505)	HMR	Q04206	5970
547	NMDAR1 (Ab-897) 	HMR	Q05586	2902
835	NMDAR1 (Phospho-Ser897) 	HMR	Q05586	2902
264	NMDAR2A/B (Phospho-Tyr1246/1252)	HMR	Q12879/Q13224	2903/2904
1139	NMDAR2B (Ab-1472)	HMR	Q13224	2904
112	NMDAR2B (Phospho-Tyr1472)	HMR	Q13224	2904
717	Opioid Receptor (Ab-375)  	HMR	P35372	4988
1005	Opioid Receptor (Phospho-Ser375)	HMR	P35372	4988
637	p130Cas (Ab-165)	HMR	P56945	9564
464	p130Cas (Ab-410)	HMR	P56945	9564
922	p130Cas (Phospho-Tyr165)	HMR	P56945	9564
745	p130Cas (Phospho-Tyr410)	HMR	P56945	9564
1030	p21Cip1 (Ab-145) 	HMR	P38936	1026
31	p21Cip1 (Phospho-Thr145) 	HMR	P38936	1026
1031	p27Kip1 (Ab-10)	HM	P46527	1027
1032	p27Kip1 (Ab-187)	HMR	P46527	1027
32	p27Kip1 (Phospho-Ser10) 	HM	P46527	1027
33	p27Kip1 (Phospho-Thr187) 	HMR	P46527	1027
1104	p300 (Ab-89)	HM	Q09472	2033
424	p38 MAPK (Ab-180)	HMR	Q16539	1432
222	p38 MAPK (Ab-182) 	HMR	Q16539	1432
299	p38 MAPK (Ab-322)	HMR	Q16539	1432
337	p38 MAPK (Phospho-Thr180) 	HMR	Q16539	1432
338	p38 MAPK (Phospho-Tyr182) 	HMR	Q16539	1432
904	p38 MAPK (Phospho-Tyr322)	HMR	Q16539	1432
216	p44/42 MAP Kinase (Ab-204) 	HMR	P27361/P28482	5595/5594
330	p44/42 MAP Kinase (Phospho-Thr202) 	HMR	P27361/P28482	5595/5594
331	p44/42 MAP Kinase (Phospho-Tyr204) 	HMR	P27361/P28482	5595/5594
215	p44/42 MAP Kinase (Ab-202) 	HMR	P27361/P28482	5595/5594
216	p44/42 MAPK (Ab-204)	HMR	P27361/P28482	5595/5594
330	p44/42 MAPK (Phospho-Thr202)	HMR	P27361/P28482	5595/5594
331	p44/42 MAPK (Phospho-Tyr204)	HMR	P27361/P28482	5595/5594
215	p44/42 MAPK (Ab-202)	HMR	P27361/P28482	5595/5594
521	p53 (Ab-15) 	HMR	P04637	7157
522	p53 (Ab-18) 	HMR	P04637	7157
1105	p53 (Ab-20)	HMR	P04637	7157
527	p53 (Ab-315) 	HR	P04637	7157
524	p53 (Ab-33) 	H	P04637	7157
525	p53 (Ab-37) 	H	P04637	7157
1128	p53 (Ab-376)	HMR	P04637	7157
1129	p53 (Ab-378)	HMR	P04637	7157
1127	p53 (Ab-387)	H	P04637	7157
1106	p53 (Ab-392)	HMR	P04637	7157
526	p53 (Ab-46) 	H	P04637	7157
519	p53 (Ab-6) 	HM	P04637	7157
520	p53 (Ab-9) 	H	P04637	7157
662	p53 (Phospho-Ser15) 	HMR	P04637	7157
242	p53 (Phospho-Ser20)	HMR	P04637	7157
819	p53 (Phospho-Ser315) 	HR	P04637	7157
816	p53 (Phospho-Ser33) 	H	P04637	7157
401	p53 (Phospho-Ser366)	H	P04637	7157
817	p53 (Phospho-Ser37) 	H	P04637	7157
402	p53 (Phospho-Ser378)	HMR	P04637	7157
243	p53 (Phospho-Ser392)	HMR	P04637	7157
818	p53 (Phospho-Ser46) 	H	P04637	7157
660	p53 (Phospho-Ser6) 	HM	P04637	7157
661	p53 (Phospho-Ser9) 	H	P04637	7157
815	p53 (Phospho-Thr18) 	HMR	P04637	7157
728	p53 (Phospho-Thr81)	H	P04637	7157
729	p63 (Phospho-Ser455)	HMR	Q9H3D4	8626
1107	P70S6K (Ab-229)	HMR	P23443	6198
1108	P70S6K (Ab-371)	HMR	P23443	6198
370	P70S6K (Ab-411) 	HMR	P23443	6198
1109	P70S6K (Ab-418)	HMR	P23443	6198
426	P70S6K (Ab-421)	HMR	P23443	6198
537	P70S6K (Ab-424) 	HMR	P23443	6198
1291	P70S6K (Ab-427)	HMR	P23443	6198
378	P70S6K (Phospho-Ser371)	HMR	P23443	6198
505	P70S6K (Phospho-Ser411) 	HMR	P23443	6198
380	P70S6K (Phospho-Ser418)	HMR	P23443	6198
672	P70S6K (Phospho-Ser424) 	HMR	P23443	6198
244	P70S6K (Phospho-Thr229)	HMR	P23443	6198
379	P70S6K (Phospho-Thr389)	HMR	P23443	6198
1050	P70S6K (Phospho-Thr421)	HMR	P23443	6198
1292	P70S6K-beta (Ab-423)	HM	Q9UBS0	6199
568	P70S6K-beta (Phospho-Ser423)	HM	Q9UBS0	6199
511	P73 (Ab-99)	H	O15350	7161
476	P73 (Phospho-Tyr99) 	H	O15350	7161
1110	P90RSK (Ab-359/363)	HMR	Q15418	6195
1111	P90RSK (Ab-380)	HMR	Q15418	6195
1112	P90RSK (Ab-573)	HMR	Q15418	6195
382	P90RSK (Phospho-Ser380)	HMR	Q15418	6195
381	P90RSK (Phospho-Thr359/Ser363)	HMR	Q15418	6195
383	P90RSK (Phospho-Thr573)	HMR	Q15418	6195
342	P95/NBS1 (Ab-343) 	HMR	O60934	4683
475	P95/NBS1 (Phospho-Ser343) 	HMR	O60934	4683
1293	PAK1 (Ab-204)	HMR	Q13153	5058
1113	PAK1 (Ab-212)	HMR	Q13153	5058
569	PAK1 (Phospho-Ser204)	HMR	Q13153	5058
384	PAK1 (Phospho-Thr212)	HMR	Q13153	5058
956	PAK1/2 (Ab-199)	HMR	Q13153	5058
253	PAK1/2 (Phospho-Ser199)	HMR	Q13153	5058
1115	PAK1/2/3 (Ab-141)	HMR	Q13153/Q13177/O75914	5058/5062/5063
1114	PAK1/2/3 (Ab-423/402/421)	HMR	Q13153/Q13177/O75914	5058/5062/5063
386	PAK1/2/3 (Phospho-Ser141)	HMR	Q13153/Q13177/O75914	5058/5062/5063
385	PAK1/2/3 (Phospho-Thr423/402/421)	HMR	Q13153/Q13177/O75914	5058/5062/5063
1294	PAK2 (Ab-192)	HMR	Q13177	5062
1295	PAK2 (Ab-197)	HMR	Q13177	5062
570	PAK2 (Phospho-Ser192)	HMR	Q13177	5062
730	PAK2 (Phospho-Ser20)	HMR	Q13177	5062
1296	PAK3 (Ab-154)	HMR	O75914	5063
571	PAK3 (Phospho-Ser154)	HMR	O75914	5063
144	PAK4 (Ab-474)	HM	O96013	10298
695	Paxillin (Ab-118) 	HMR	P49023	5829
1208	Paxillin (Ab-31) 	HMR	P49023	5829
657	Paxillin (Phospho-Tyr118) 	HMR	P49023	5829
26	Paxillin (Phospho-Tyr31) 	HMR	P49023	5829
978	PDGFR alpha (Ab-849)	HMR	P16234	5156
1259	PDGFR alpha (Phospho-Tyr849)	HMR	P16234	5156
974	PDGFR beta (Ab-1009)	HM	P09619	5159
977	PDGFR beta (Ab-1021)	HM	P09619	5159
976	PDGFR beta (Ab-740)	HM	P09619	5159
65	PDGFR beta (Ab-751) 	HMR	P09619	5159
1258	PDGFR beta (Phospho-Tyr1021)	HMR	P09619	5159
1257	PDGFR beta (Phospho-Tyr740)	HM	P09619	5159
180	PDGFR beta (Phospho-Tyr751) 	HMR	P09619	5159
1182	PDK1 (Ab-241) 	HMR	O15530	5170
5	PDK1 (Phospho-Ser241) 	HMR	O15530	5170
1116	PEA-15 (Ab-116)	HMR	Q15121	8682
731	PEA-15 (Phospho-Ser104)	HMR	Q15121	8682
387	PEA-15 (Phospho-Ser116)	HMR	Q15121	8682
1140	PECAM-1 (Ab-713)	HM	P16284	5175
113	PECAM-1 (Phospho-Tyr713)	HMR	P16284	5175
261	PI3-kinase p85-alpha (Phospho-Tyr607)	HMR	P27986	5295
964	PI3-kinase p85-subunit alpha/gamma (Ab-467/199)	HMR	P27986/Q92569	5295/8503
260	PI3-kinase p85-subunit alpha/gamma (Phospho-Tyr467/Tyr199)	HMR	P27986/Q92569	5295/8503
1145	Pim-1 (Ab-309)	HMR	P11309	18712
121	Pim-1 (Phospho-Tyr309)	HMR	P11309	18712
1087	PIP5K (Phospho-Ser307)	HMR	Q9Y2I7	200576
1117	PKA CAT (Ab-197)	HMR	P17612	5566
388	PKA CAT (Phospho-Thr197)	HMR	P17612	5566
101	PKA-R2B (Phospho-Ser113)	HMR	P31323	5577
300	PKC alpha (Ab-657)	HMR	P17252	5578
905	PKC alpha (Phospho-Tyr657)	HMR	P17252	5578
145	PKC alpha/beta II (Ab-638)	HMR	P17252	5578
732	PKC alpha/beta II (Phospho-Thr638)	HMR	P17252	5578
1297	PKC beta/PKCB (Ab-661)	HMR	P05771	5579
572	PKC beta/PKCB (Phospho-Ser661)	HMR	P05771	5579
146	PKC delta (Ab-505)	HMR	Q05655	5580
548	PKC delta (Ab-645) 	HMR	Q05655	5580
836	PKC delta (Phospho-Ser645) 	HMR	Q05655	5580
733	PKC delta (Phospho-Thr505)	HMR	Q05655	5580
734	PKC delta (Phospho-Tyr313)	HMR	Q05655	5580
906	PKC delta (Phospho-Tyr52)	HMR	Q05655	5580
573	PKC delta (Phospho-Tyr64)	HMR	Q05655	5580
301	PKC epsilon (Ab-729)	HMR	Q02156	5581
907	PKC epsilon (Phospho-Ser729)	HMR	Q02156	5581
435	PKC pan activation site	HMR	P17252/P05771/Q05655/Q02156/P05129/P24723/Q04759/Q05513	5578 / 5579 / 5580 / 5581 /  5582 / 5583/ 5588 / 5590
908	PKC pan activation site (Phospho)	HMR	P17252/P05771/Q05655/Q02156/P05129/P24723/Q04759/Q05513	5578 / 5579 / 5580 / 5581 /  5582 / 5583/ 5588 / 5590
701	PKC theta (Ab-676) 	HMR	Q04759	5588
837	PKC theta (Phospho-Ser676) 	HMR	Q04759	5588
735	PKC theta (Phospho-Thr538)	HMR	Q04759	5588
718	PKC zeta (Ab-410)  	HMR	Q05513	5590
436	PKC zeta (Ab-560)	HMR	Q05513	5590
1006	PKC zeta (Phospho-Thr410)	HMR	Q05513	5590
909	PKC zeta (Phospho-Thr560)	HMR	Q05513	5590
437	PKD1/PKC mu (Ab-205)	HM	Q15139	5587
438	PKD1/PKC mu (Ab-463)	HMR	Q15139	5587
148	PKD1/PKC mu (Ab-744/748)	HMR	Q15139	5587
149	PKD1/PKC mu (Ab-910)	HMR	Q15139	5587
1062	PKD1/PKC mu (Phospho-Ser205)	HM	Q15139	5587
736	PKD1/PKC mu (Phospho-Ser910)	HMR	Q15139	5587
1063	PKD1/PKC mu (Phospho-Tyr463)	HMR	Q15139	5587
439	PKD2 (Ab-876)	HM	Q9BZL6	25865
1064	PKD2 (Phospho-Ser876)	HM	Q9BZL6	25865
533	PKR (Ab-446) 	H	P19525	5610
542	PKR (Ab-451) 	H	P19525	5610
668	PKR (Phospho-Thr446) 	H	P19525	5610
678	PKR (Phospho-Thr451) 	H	P19525	5610
433	PLC beta3 (Ab-1105)	HMR	Q01970	5331
283	PLC beta3 (Ab-537)	HMR	Q01970	5331
1046	PLC beta3 (Phospho-Ser1105)	HMR	Q01970	5331
737	PLC beta3 (Phospho-Ser537)	HMR	Q01970	5331
465	PLCG1 (Ab-771)	HMR	P19174	5335
466	PLCG1 (Ab-783)	HMR	P19174	5335
912	PLCG1 (Phospho-Tyr1253)	HMR	P19174	5335
743	PLCG1 (Phospho-Tyr771)	HMR	P19174	5335
746	PLCG1 (Phospho-Tyr783)	HMR	P19174	5335
628	PLCG2 (Ab-1217)	HMR	P16885	5336
468	PLCG2 (Ab-753)	HMR	P16885	5336
913	PLCG2 (Phospho-Tyr1217)	HMR	P16885	5336
747	PLCG2 (Phospho-Tyr753)	HMR	P16885	5336
1146	PLD1 (Ab-561)	HMR	Q13393	5337
122	PLD1 (Phospho-Ser561)	HMR	Q13393	5337
421	PLD2 (Phospho-Tyr169)	HMR	O14939	5338
629	PLK1 (Ab-210)	HM	P53350	5347
1287	PLK1 (Phospho-Thr210)	HMR	P53350	5347
638	PP1 alpha (Ab-320)	HMR	P62136	5499
923	PP1 alpha (Phospho-Thr320)	HMR	P62136	5499
1118	PP2A-alpha (Ab-307)	HMR	P67775	5515
389	PP2A-alpha (Phospho-Tyr307)	HMR	P67775	5515
630	PPAR-BP (Ab-1457)	HM	Q15648	5469
914	PPAR-BP (Phospho-Thr1457)	HM	Q15648	5469
631	PPAR-gamma (Ab-112)	HM	P37231	5468
915	PPAR-gamma (Phospho-Ser112)	HM	P37231	5468
353	Progesterone Receptor (Ab-190) 	H	P06401	5241
644	Progesterone Receptor (Phospho-Ser190) 	H	P06401	5241
341	PTEN (Ab-370) 	HM	P60484	5728
1186	PTEN (Ab-380) 	HM	P60484	5728
340	PTEN (Ab-380/382/383) 	HM	P60484	5728
480	PTEN (Phospho-Ser370) 	HM	P60484	5728
9	PTEN (Phospho-Ser380) 	HM	P60484	5728
474	PTEN (Phospho-Ser380/Thr382/Thr383) 	HM	P60484	5728
114	PTPRA (Phospho-Tyr798)	HMR	P18433 	5796
56	Pyk2 (Ab-402) 	HMR	Q14289	2185
601	Pyk2 (Ab-580)	HMR	Q14289	2185
600	Pyk2 (Ab-881)	HMR	Q14289	2185
170	Pyk2 (Phospho-Tyr402) 	HMR	Q14289	2185
581	Pyk2 (Phospho-Tyr579)	HMR	Q14289	2185
1047	Pyk2 (Phospho-Tyr580)	HMR	Q14289	2185
1217	Pyk2 (Phospho-Tyr881)	HMR	Q14289	2185
1210	Rac1/cdc42 (Ab-71) 	HMR	P63000	5879
28	Rac1/cdc42 (Phospho-Ser71) 	HMR	P63000	5879
812	RAD51 (Ab-309)	HM	Q06609	5888
1083	RAD51 (Phospho-Tyr315)	HM	Q06609	5888
1084	RAD52 (Phospho-Tyr104)	HM	P43351	5893
1183	Raf1 (Ab-259) 	HMR	P04049	5894
1298	Raf1 (Ab-289)	HMR	P04049	5894
131	Raf1 (Ab-296)	HMR	P04049	5894
1211	Raf1 (Ab-338) 	HMR	P04049	5894
1271	Raf1 (Ab-341)	HMR	P04049	5894
618	Raf1 (Ab-43)	HMR	P04049	5894
1272	Raf1 (Ab-621)	HMR	P04049	5894
6	Raf1 (Phospho-Ser259) 	HMR	P04049	5894
1153	Raf1 (Phospho-Ser289)	HMR	P04049	5894
561	Raf1 (Phospho-Ser296)	HMR	P04049	5894
29	Raf1 (Phospho-Ser338) 	HMR	P04049	5894
1246	Raf1 (Phospho-Ser43)	HMR	P04049	5894
391	Raf1 (Phospho-Ser621)	HMR	P04049	5894
390	Raf1 (Phospho-Tyr341)	HMR	P04049	5894
254	RapGEF1 (Phospho-Tyr504)	HM	Q13905	2889
284	Ras-GRF1 (Ab-916)	MR	Q13972	5923
738	Ras-GRF1 (Phospho-Ser916)	MR	Q13972	5923
1130	Rb (Ab-608)	HMR	P06400	5925
698	Rb (Ab-780) 	HMR	P06400	5925
696	Rb (Ab-795) 	HMR	P06400	5925
697	Rb (Ab-807) 	HMR	P06400	5925
440	Rb (Ab-811)	HMR	P06400	5925
403	Rb (Phospho-Ser608)	HMR	P06400	5925
995	Rb (Phospho-Ser780) 	HMR	P06400	5925
993	Rb (Phospho-Ser795) 	HMR	P06400	5925
994	Rb (Phospho-Ser807) 	HMR	P06400	5925
1065	Rb (Phospho-Ser811)	HMR	P06400	5925
1066	Rb (Phospho-Thr821)	HMR	P06400	5925
441	Rb-like-2 (RBL2) (Ab-952)	HM	Q08999	5934
38	Rel (Ab-503) 	H	Q04864	5966
153	Rel (Phospho-Ser503) 	H	Q04864	5966
223	RelB (Ab-552) 	HM	Q01201	5971
339	RelB (Phospho-Ser552) 	HM	Q01201	5971
536	Ret (Ab-905) 	HM	P07949	5979
671	Ret (Phospho-Tyr905) 	HM	P07949	5979
262	RGS16 (Phospho-Tyr168)	HM	O15492	6004
965	Rho/Rac guanine nucleotide exchange factor 2 (Ab-885)	HM	Q92974	9181
263	Rho/Rac guanine nucleotide exchange factor 2 (Phospho-Ser885)	HM	Q92974	9181
1273	RhoA (Ab-188)	HM	P61586	387
1299	RSK1/2/3/4 (Ab-221/227/218/232)	H	Q15418/P51812/Q15349/Q9UK32	6195 / 6197 / 6196 / 27330
574	RSK1/2/3/4 (Phospho-Ser221/227/218/232)	HM	Q15418/P51812/Q15349/Q9UK32	6195 / 6197 / 6196 / 27330
1274	RyR2 (Ab-2808)	HM	Q92736 	6262
392	RyR2 (Phospho-Ser2808)	HM	Q92736 	6262
71	S6 Ribosomal Protein (Ab-235)	HMR	P62753	6194
186	S6 Ribosomal Protein (Phospho-Ser235) 	HMR	P62753	6194
219	SAPK/JNK (Ab-183) 	HMR	P45983/P45984/P53779	5599 / 5601 / 5602
220	SAPK/JNK (Ab-185) 	HMR	P45983/P45984/P53779	5599 / 5601 / 5602
334	SAPK/JNK (Phospho-Thr183) 	HMR	P45983/P45984/P53779	5599 / 5601 / 5602
335	SAPK/JNK (Phospho-Tyr185) 	HMR	P45983/P45984/P53779	5599 / 5601 / 5602
719	Shc (Ab-349)  	HMR	P29353	6464
589	Shc (Ab-427)	H	P29353	6464
1007	Shc (Phospho-Tyr349)	HMR	P29353	6464
1008	Shc (Phospho-Tyr427)	H	P29353	6464
1009	SHP-1 (Phospho-Tyr536)	HM	P29350	5777
872	SHP-2 (Ab-542)  	HMR	Q06124	5781
873	SHP-2 (Ab-580)  	HMR	Q06124	5781
1010	SHP-2 (Phospho-Tyr542)	HMR	Q06124	5781
1011	SHP-2 (Phospho-Tyr580)	HMR	Q06124	5781
1302	SLP-76 (Ab-128)	HMR	Q13094	3937
576	SLP-76 (Phospho-Tyr128)	HMR	Q13094	3937
786	Smad1 (Ab-187)	HM	Q15797	4086
590	Smad1 (Ab-465)	HMR	Q15797	4086
102	Smad1 (Phospho-Ser187)	HM	Q15797	4086
1054	Smad1 (Phospho-Ser465)	HMR	Q15797	4086
790	Smad2 (Ab-220)	HMR	Q15796	4087
789	Smad2 (Ab-245)	HMR	Q15796	4087
788	Smad2 (Ab-250)	HMR	Q15796	4087
787	Smad2 (Ab-255)	HMR	Q15796	4087
591	Smad2 (Ab-467)	HMR	Q15796	4087
103	Smad2 (Phospho-Ser250)	HMR	Q15796	4087
1055	Smad2 (Phospho-Ser467)	HMR	Q15796	4087
104	Smad2 (Phospho-Thr220)	HMR	Q15796	4087
791	Smad2/3 (Ab-8)	HMR	P84022/Q15796	4088/4087
105	Smad2/3 (Phospho-Thr8)	HMR	P84022/Q15796	4088/4087
792	Smad3 (Ab-179)	HMR	P84022	4088
793	Smad3 (Ab-204)	HMR	P84022	4088
794	Smad3 (Ab-213)	HMR	P84022	4088
592	Smad3 (Ab-425)	HMR	P84022	4088
107	Smad3 (Phospho-Ser204)	HMR	P84022	4088
108	Smad3 (Phospho-Ser208)	HMR	P84022	4088
109	Smad3 (Phospho-Ser213)	HMR	P84022	4088
1012	Smad3 (Phospho-Ser425)	HMR	P84022	4088
106	Smad3 (Phospho-Thr179)	HMR	P84022	4088
1205	SMC1 (Ab-957) 	HM	Q14683	8243
23	SMC1 (Phospho-Ser957) 	HM	Q14683	8243
211	SP1 (Ab-739) 	HMR	P08047	6667
326	SP1 (Phospho-Thr739) 	HMR	P08047	6667
855	Src (Ab-418) 	HMR	P12931	6714
1196	Src (Ab-529) 	HMR	P12931	6714
1300	Src (Ab-75)	HMR	P12931	6714
575	Src (Phospho-Ser75)	HMR	P12931	6714
579	Src (Phospho-Tyr216)	HMR	P12931	6714
659	Src (Phospho-Tyr418) 	HMR	P12931	6714
1165	Src (Phospho-Tyr529) 	HMR	P12931	6714
460	SREBP-1 (Ab-439)	HR	P36956	6720
742	SREBP-1 (Phospho-Ser439)	HR	P36956	6720
1131	SRF (Ab-77)	HM	P11831	6722
602	SRF (Ab-99)	HMR	P11831	6722
404	SRF (Phospho-Ser77)	HM	P11831	6722
1218	SRF (Phospho-Ser99)	HMR	P11831	6722
1315	STAM2 (Ab-192)	HM	O75886	10254
276	STAM2 (Phospho-Tyr192)	HM	O75886	10254
195	STAT1 (Ab-701) 	HMR	P42224	6772
1204	STAT1 (Ab-727) 	HMR	P42224	6772
1173	STAT1 (Phospho-Ser727) 	HMR	P42224	6772
310	STAT1 (Phospho-Tyr701) 	HMR	P42224	6772
603	STAT2 (Ab-690)	HMR	P52630	6773
1219	STAT2 (Phospho-Tyr690)	HMR	P52630	6773
196	STAT3 (Ab-705) 	HMR	P40763	6774
197	STAT3 (Ab-727) 	HMR	P40763	6774
312	STAT3 (Phospho-Ser727) 	HMR	P40763	6774
311	STAT3 (Phospho-Tyr705) 	HMR	P40763	6774
198	STAT4 (Ab-693) 	HM	Q14765	6775
313	STAT4 (Phospho-Tyr693) 	HM	Q14765	6775
199	STAT5A (Ab-694) 	HMR	P42229	6776
200	STAT5A (Ab-780) 	HMR	P42229	6776
110	STAT5A (Phospho-Ser725)	HR	P42229	6776
315	STAT5A (Phospho-Ser780) 	HMR	P42229	6776
314	STAT5A (Phospho-Tyr694) 	HMR	P42229	6776
434	STAT5B (Ab-731)	HMR	P51692	6777
1048	STAT5B (Phospho-Ser731)	HMR	P51692	6777
201	STAT6 (Ab-641) 	HM	P42226	6778
202	STAT6 (Ab-645) 	HM	P42226	6778
317	STAT6 (Phospho-Thr645) 	HM	P42226	6778
316	STAT6 (Phospho-Tyr641) 	HM	P42226	6778
73	Stathmin 1 (Ab-15) 	HMR	P16949	3925
63	Stathmin 1 (Ab-24) 	HMR	P16949	3925
64	Stathmin 1 (Ab-37) 	HMR	P16949	3925
321	Stathmin 1 (Phospho-Ser15) 	HMR	P16949	3925
178	Stathmin 1 (Phospho-Ser24) 	HMR	P16949	3925
179	Stathmin 1 (Phospho-Ser37) 	HMR	P16949	3925
980	Survivin (Ab-117)	HM	O15392 	332
1261	Survivin (Phospho-Thr117)	HM	O15392 	332
604	SYK (Ab-348)	HMR	P43405	6850
605	SYK (Ab-525)	HMR	P43405	6850
393	SYK (Phospho-Tyr323)	HMR	P43405	6850
1049	SYK (Phospho-Tyr348)	HMR	P43405	6850
1220	SYK (Phospho-Tyr525)	HMR	P43405	6850
1275	Synapsin (Ab-62)	HMR	P17600	6853
368	Synapsin (Ab-9) 	HMR	P17600	6853
394	Synapsin (Phospho-Ser62)	HMR	P17600	6853
503	Synapsin (Phospho-Ser9) 	HMR	P17600	6853
875	Synaptotagmin (Ab-202)  	HMR	P21579	6857
874	Synaptotagmin (Ab-309)  	HM	P21579	6857
1013	Synaptotagmin (Phospho-Ser309)	HM	P21579	6857
1014	Synaptotagmin (Phospho-Thr202)	HMR	P21579	6857
224	Synuclein alpha (Ab-125) 	HMR	P37840	6622
538	Synuclein alpha (Ab-133) 	HMR	P37840	6622
492	Synuclein alpha (Phospho-Tyr125) 	HMR	P37840	6622
673	Synuclein alpha (Phospho-Tyr133) 	HM	P37840	6622
674	Synuclein alpha (Phospho-Tyr136) 	HMR	P37840	6622
684	Tau (Ab-181) 	H	P10636	4137
685	Tau (Ab-205) 	HMR	P10636	4137
225	Tau (Ab-212) 	HMR	P10636	4137
686	Tau (Ab-214) 	HMR	P10636	4137
687	Tau (Ab-231) 	HMR	P10636	4137
683	Tau (Ab-235) 	HMR	P10636	4137
688	Tau (Ab-262) 	HMR	P10636	4137
528	Tau (Ab-356) 	HMR	P10636	4137
529	Tau (Ab-396) 	HMR	P10636	4137
689	Tau (Ab-404) 	HMR	P10636	4137
371	Tau (Ab-422) 	HMR	P10636	4137
825	Tau (Phospho-Ser214) 	HMR	P10636	4137
822	Tau (Phospho-Ser235) 	HMR	P10636	4137
827	Tau (Phospho-Ser262) 	HMR	P10636	4137
820	Tau (Phospho-Ser356) 	HMR	P10636	4137
821	Tau (Phospho-Ser396) 	HMR	P10636	4137
828	Tau (Phospho-Ser404) 	HMR	P10636	4137
506	Tau (Phospho-Ser422) 	HMR	P10636	4137
823	Tau (Phospho-Thr181) 	H	P10636	4137
824	Tau (Phospho-Thr205) 	HMR	P10636	4137
493	Tau (Phospho-Thr212) 	HMR	P10636	4137
826	Tau (Phospho-Thr231) 	HMR	P10636	4137
115	TFII-I (Phospho-Tyr248)	HMR	P78347	2969
958	TGFBR1 (Ab-165)	HM	P36897	7046
959	TGFBR2 (Ab-250)	HM	P37173	7048
916	TIE2 (Phospho-Tyr1108)	HM	Q02763	7010
813	TIF-IA (Ab-649)	H	Q9NYV6	54700
1099	TIF-IA (Phospho-Ser649)	H	Q9NYV6	54700
639	TLK1 (Ab-764)	HM	Q9Y4F6	9874
981	TOP2A/DNA topoisomerase II (Ab-1106)	HM	P11388	7153
1262	TOP2A/DNA topoisomerase II (Phospho-Ser1106)	HM	P11388	7153
1276	Trk A (Ab-496)	HMR	P04629	4914
406	Trk A (Phospho-Tyr680/681)	HMR	P04629	4914
405	Trk A (Phospho-Tyr701)	HMR	P04629	4914
1015	Trk A (Phospho-Tyr791)	H	P04629	4914
876	Trk B (Ab-515)  	HMR	Q16620	4915
1016	Trk B (Phospho-Tyr515)	HMR	Q16620	4915
1043	Trk B (Phospho-Tyr705)	HMR	Q16620	4915
1278	Tuberin/TSC2 (Ab-1462)	HMR	P49815	7249
1277	Tuberin/TSC2 (Ab-939)	HMR	P49815	7249
461	Tuberin/TSC2 (Ab-981)	HMR	P49815	7249
395	Tuberin/TSC2 (Phospho-Ser939)	HMR	P49815	7249
396	Tuberin/TSC2 (Phospho-Thr1462)	HMR	P49815	7249
858	TYK2 (Ab-1054)	HM	P29597	7297
1160	TYK2 (Phospho-Tyr1054) 	HM	P29597	7297
877	Tyrosine Hydroxylase (Ab-19)  	HMR	P07101	7054
878	Tyrosine Hydroxylase (Ab-31)  	HMR	P07101	7054
879	Tyrosine Hydroxylase (Ab-40)  	HMR	P07101	7054
1279	Tyrosine Hydroxylase (Ab-8)	MR	P07101	7054
1017	Tyrosine Hydroxylase (Phospho-Ser19)	HMR	P07101	7054
1018	Tyrosine Hydroxylase (Phospho-Ser31)	HMR	P07101	7054
1019	Tyrosine Hydroxylase (Phospho-Ser40)	HMR	P07101	7054
549	Tyrosine Hydroxylase (Phospho-Ser8)	MR	P07101	7054
1213	VASP (Ab-157) 	HM	P50552	7408
1199	VASP (Ab-238) 	HM	P50552	7408
169	VASP (Phospho-Ser157) 	HM	P50552	7408
1168	VASP (Phospho-Ser238) 	HM	P50552	7408
1280	VAV1 (Ab-160)	HM	P15498	7409
1041	VAV1 (Ab-174) 	HMR	P15498	7409
1003	VAV1 (Phospho-Tyr174) 	HMR	P15498	7409
966	VAV2 (Ab-142)	HM	P52735	7410
397	VAV2 (Phospho-Tyr142)	HM	P52735	7410
416	VE-Cadherin (Phospho-Tyr731)	HM	P33151	1003
1281	VEGFR1 (Ab-1333)	HM	P17948	2321
550	VEGFR1 (Phospho-Tyr1333)	HM	P17948	2321
1154	VEGFR2 (Ab-1054)	HMR	P35968	3791
1282	VEGFR2 (Ab-1059)	HMR	P35968	3791
513	VEGFR2 (Ab-1175) 	HMR	P35968	3791
514	VEGFR2 (Ab-1214) 	HMR	P35968	3791
515	VEGFR2 (Ab-951) 	HM	P35968	3791
265	VEGFR2 (Phospho-Tyr1054)	HMR	P35968	3791
551	VEGFR2 (Phospho-Tyr1059)	HMR	P35968	3791
652	VEGFR2 (Phospho-Tyr1175) 	HMR	P35968	3791
653	VEGFR2 (Phospho-Tyr1214) 	HM	P35968	3791
654	VEGFR2 (Phospho-Tyr951) 	HM	P35968	3791
1155	Vinculin (Ab-821)	HMR	P18206	7414
266	Vinculin (Phospho-Tyr821)	HMR	P18206	7414
1283	WASP (Ab-290)	HM	P42768	7454
552	WASP (Phospho-Tyr290)	HM	P42768	7454
632	WAVE1 (Ab-125)	HM	Q92558	8936
917	WAVE1 (Phospho-Tyr125)	HM	Q92558	8936
809	WEE1 (Ab-53)	HMR	P30291	7465
799	WEE1 (Phospho-Ser53)	HMR	P30291	7465
1088	WEE1 (Phospho-Ser642)	HMR	P30291	7465
417	WWOX (Phospho-Tyr33)	HM	Q96KM3	51741
633	XIAP (Ab-87)	HMR	P98170	331
918	XIAP (Phospho-Ser87)	HMR	P98170	331
1284	Zap-70 (Ab-292)	HM	P43403	7535
1200	Zap-70 (Ab-319) 	HM	P43403	7535
1201	Zap-70 (Ab-493) 	HM	P43403	7535
553	Zap-70 (Phospho-Tyr292)	HM	P43403	7535
554	Zap-70 (Phospho-Tyr315)	HM	P43403	7535
1169	Zap-70 (Phospho-Tyr319) 	HM	P43403	7535
1170	Zap-70 (Phospho-Tyr493) 	HM	P43403	7535
0	GAPDH	HMR	P04406	2597
0	Beta actin	HMR	P60709	60	
0	PKC pan activation site	HMR	P17525	5578
